5930,삼성전자
660,SK하이닉스
207940,삼성바이오로직스
35420,NAVER
5380,현대차
51910,LG화학
12330,현대모비스
68270,셀트리온
28260,삼성물산
51900,LG생활건강
5490,POSCO
6400,삼성SDI
55550,신한지주
17670,SK텔레콤
105560,KB금융
270,기아차
15760,한국전력
34730,SK
18260,삼성에스디에스
36570,엔씨소프트
35720,카카오
32830,삼성생명
33780,KT&G
3550,LG
90430,아모레퍼시픽
96770,SK이노베이션
66570,LG전자
810,삼성화재
86790,하나금융지주
9150,삼성전기
10950,S-Oil
9540,한국조선해양
10130,고려아연
251270,넷마블
316140,우리금융지주
11170,롯데케미칼
21240,웅진코웨이
30200,KT
2790,아모레G
24110,기업은행
32640,LG유플러스
35250,강원랜드
18880,한온시스템
86280,현대글로비스
34220,LG디스플레이
6800,미래에셋대우
720,현대건설
267250,현대중공업지주
78930,GS
10140,삼성중공업
29780,삼성카드
271560,오리온
88980,맥쿼리인프라
4990,롯데지주
4020,현대제철
71050,한국금융지주
161390,한국타이어앤테크놀로지
97950,CJ제일제당
8770,호텔신라
28050,삼성엔지니어링
12750,에스원
23530,롯데쇼핑
139480,이마트
16360,삼성증권
128940,한미약품
7070,GS리테일
5940,NH투자증권
241560,두산밥캣
210,대림산업
120,CJ대한통운
5830,DB손해보험
100,유한양행
36460,한국가스공사
47810,한국항공우주
9830,한화솔루션
282330,BGF리테일
42660,대우조선해양
81660,휠라홀딩스
3410,쌍용양회
30000,제일기획
4170,신세계
1040,CJ
138930,BNK금융지주
3490,대한항공
6360,GS건설
7310,오뚜기
8930,한미사이언스
47050,포스코인터내셔널
28670,팬오션
11780,금호석유
8560,메리츠종금증권
1450,현대해상
2380,KCC
60,메리츠화재
88350,한화생명
17800,현대엘리베이
880,한화
10060,OCI
64350,현대로템
