12510,더존비즈온
32500,케이엠더블유
3670,포스코케미칼
140410,메지온
240810,원익IPS
20150,일진머티리얼즈
7070,GS리테일
11790,SKC
263750,펄어비스
95700,제넥신
82270,젬백스
98460,고영
14680,한솔케미칼
990,DB하이텍
80,하이트진로
10620,현대미포조선
67630,에이치엘비생명과학
28670,팬오션
4990,롯데지주
39030,이오테크닉스
880,한화
78340,컴투스
215600,신라젠
36830,솔브레인
47040,대우건설
42660,대우조선해양
51600,한전KPS
55550,신한지주
29780,삼성카드
39490,키움증권
10120,LS산전
145020,휴젤
88350,한화생명
11210,현대위아
34230,파라다이스
120110,코오롱인더
181710,NHN
161890,한국콜마
8930,한미사이언스
20560,아시아나항공
1740,SK네트웍스
9240,한샘
64350,현대로템
6260,LS
56190,에스에프에이
4370,농심
36490,SK머티리얼즈
6280,녹십자
34020,두산중공업
35900,JYP Ent.
42670,두산인프라코어
111770,영원무역
7700,F&F
68760,셀트리온제약
196170,알테오젠
4800,효성
41510,에스엠
5290,동진쎄미켐
115450,지트리비앤티
253450,스튜디오드래곤
46890,서울반도체
3410,쌍용양회
25980,아난티
96530,씨젠
178920,SKC코오롱PI
69620,대웅제약
31430,신세계인터내셔날
41960,코미팜
85660,차바이오텍
90460,비에이치
192820,코스맥스
3520,영진약품
78160,메디포스트
30190,NICE평가정보
39200,오스코텍
8060,대덕전자
97520,엠씨넥스
298380,에이비엘바이오
285130,SK케미칼
5690,파미셀
247540,에코프로비엠
48260,오스템임플란트
83790,크리스탈
218410,RFHIC
39130,하나투어
67160,아프리카TV
91700,파트론
78130,국일제지
192080,더블유게임즈
1820,삼화콘덴서
3230,삼양식품
108320,실리콘웍스
36540,SFA반도체
32350,롯데관광개발
6060,화승인더
33640,네패스
93370,후성
48410,현대바이오
53800,안랩
33180,필룩스
200230,텔콘RF제약
58820,CMG제약
141080,레고켐바이오
250,삼천당제약
86520,에코프로
92040,아미코젠
12630,HDC
36420,제이콘텐트리
122870,와이지엔터테인먼트
1120,LG상사
68240,다원시스
79160,CJ CGV
138080,오이솔루션
265520,AP시스템
31390,녹십자셀
178320,서진시스템
39840,디오
95610,테스
150,두산
6650,대한유화
215200,메가스터디교육
69080,웹젠
38540,상상인
42000,카페24
48530,인트론바이오
66970,엘앤에프
64960,S&T모티브
60250,NHN한국사이버결제
267270,현대건설기계
79550,LIG넥스원
272290,이녹스첨단소재
112040,위메이드
45390,대아티아이
145720,덴티움
1630,종근당홀딩스
7390,네이처셀
2210,동성제약
2320,한진
241590,화승엔터프라이즈
115390,락앤락
35600,KG이니시스
243070,휴온스
3850,보령제약
214370,케어젠
7460,에이프로젠 KIC
9450,경동나비엔
122990,와이솔
18250,애경산업
6120,SK디스커버리
6490,인스코비
105630,한세실업
5500,삼진제약
148150,세경하이테크
71840,롯데하이마트
52690,한전기술
65660,안트로젠
5070,코스모신소재
8350,남선알미늄
66700,테라젠이텍스
112610,씨에스윈드
34120,SBS
19170,신풍제약
4710,한솔테크닉스
80160,모두투어
12610,경인양행
4430,송원산업
281820,케이씨텍
24720,한국콜마홀딩스
17960,한국카본
284740,쿠쿠홈시스
267260,현대일렉트릭
3060,에이프로젠제약
89590,제주항공
122900,아이마켓코리아
37560,LG헬로비전
81000,일진다이아
234080,JW생명과학
2990,금호산업
2780,진흥기업
5420,코스모화학
272450,진에어
249420,일동제약
298690,에어부산
26890,디피씨
11760,현대상사
68400,SK렌터카
161000,애경유화
20,동화약품
70960,용평리조트
6840,AK홀딩스
4770,써니전자
2150,도화엔지니어링
16590,신대양제지
33240,자화전자
2700,신일산업
35510,신세계 I&C
136490,선진
7110,일신석재
91090,세원셀론텍
4980,성신양회
123690,한국화장품
970,한국주철관
3560,IHQ
7660,이수페타시스
63160,종근당바이오
78520,에이블씨엔씨
28100,동아지질
95720,웅진씽크빅
11330,유니켐
25620,제이준코스메틱
4310,현대약품
77500,유니퀘스트
8700,아남전자
2900,동양물산
4060,SG세계물산
9270,신원
17180,명문제약
2020,코오롱
82740,HSD엔진
102460,이연제약
92220,KEC
4720,우리들제약
2360,SH에너지화학
9580,무림P&P
7210,벽산
520,삼일제약
25750,한솔홈데코
9320,대우부품
17040,광명전기
210540,디와이파워
11280,태림포장
91810,티웨이항공
10960,삼호개발
5870,휴니드
36580,팜스코
214420,토니모리
14790,한라
227840,현대코퍼레이션홀딩스
