005930,삼성전자
000660,SK하이닉스
207940,삼성바이오로직스
035420,NAVER
005380,현대차
051910,LG화학
012330,현대모비스
068270,셀트리온
028260,삼성물산
051900,LG생활건강
005490,POSCO
006400,삼성SDI
055550,신한지주
017670,SK텔레콤
105560,KB금융
000270,기아차
015760,한국전력
034730,SK
018260,삼성에스디에스
036570,엔씨소프트
035720,카카오
032830,삼성생명
033780,KT&G
003550,LG
090430,아모레퍼시픽
096770,SK이노베이션
066570,LG전자
000810,삼성화재
086790,하나금융지주
009150,삼성전기
010950,S-Oil
009540,한국조선해양
010130,고려아연
251270,넷마블
316140,우리금융지주
011170,롯데케미칼
021240,웅진코웨이
030200,KT
002790,아모레G
024110,기업은행
032640,LG유플러스
035250,강원랜드
018880,한온시스템
086280,현대글로비스
034220,LG디스플레이
006800,미래에셋대우
000720,현대건설
267250,현대중공업지주
078930,GS
010140,삼성중공업
029780,삼성카드
271560,오리온
088980,맥쿼리인프라
004990,롯데지주
004020,현대제철
071050,한국금융지주
161390,한국타이어앤테크놀로지
097950,CJ제일제당
008770,호텔신라
028050,삼성엔지니어링
012750,에스원
023530,롯데쇼핑
139480,이마트
016360,삼성증권
128940,한미약품
007070,GS리테일
005940,NH투자증권
241560,두산밥캣
000210,대림산업
000120,CJ대한통운
005830,DB손해보험
000100,유한양행
036460,한국가스공사
047810,한국항공우주
009830,한화솔루션
282330,BGF리테일
042660,대우조선해양
081660,휠라홀딩스
003410,쌍용양회
030000,제일기획
004170,신세계
001040,CJ
138930,BNK금융지주
003490,대한항공
006360,GS건설
007310,오뚜기
008930,한미사이언스
047050,포스코인터내셔널
028670,팬오션
011780,금호석유
008560,메리츠종금증권
001450,현대해상
002380,KCC
000060,메리츠화재
088350,한화생명
017800,현대엘리베이
000880,한화
010060,OCI
064350,현대로템
