011070,LG이노텍
012510,더존비즈온
180640,한진칼
020150,일진머티리얼즈
000080,하이트진로
011790,SKC
047040,대우건설
069960,현대백화점
051600,한전KPS
012450,한화에어로스페이스
010620,현대미포조선
204320,만도
009240,한샘
026960,동서
039490,키움증권
007700,F&F
010120,LS산전
031430,신세계인터내셔날
006280,녹십자
004800,효성
181710,NHN
138040,메리츠금융지주
069620,대웅제약
004370,농심
214320,이노션
111770,영원무역
009420,한올바이오파마
006260,LS
011210,현대위아
000990,DB하이텍
014680,한솔케미칼
001740,SK네트웍스
000240,한국테크놀로지그룹
034020,두산중공업
120110,코오롱인더
114090,GKL
139130,DGB금융지주
073240,금호타이어
003240,태광산업
000150,두산
011200,현대상선
009410,태영건설
000670,영풍
003690,코리안리
020560,아시아나항공
003520,영진약품
042670,두산인프라코어
004000,롯데정밀화학
185750,종근당
175330,JB금융지주
005440,현대그린푸드
005300,롯데칠성
001800,오리온홀딩스
161890,한국콜마
294870,HDC현대산업개발
005250,녹십자홀딩스
241590,화승엔터프라이즈
003000,부광약품
032350,롯데관광개발
280360,롯데제과
057050,현대홈쇼핑
010780,아이에스동서
284740,쿠쿠홈시스
005850,에스엘
093370,후성
034310,NICE
018250,애경산업
002350,넥센타이어
170900,동아에스티
003230,삼양식품
049770,동원F&B
115390,락앤락
069260,휴켐스
023590,다우기술
052690,한전기술
008060,대덕전자
006040,동원산업
001680,대상
192400,쿠쿠홀딩스
192820,코스맥스
285130,SK케미칼
298020,효성티앤씨
020000,한섬
033660,아주캐피탈
005610,SPC삼립
003090,대웅
018670,SK가스
006060,화승인더
014820,동원시스템즈
085620,미래에셋생명
079550,LIG넥스원
286940,롯데정보통신
006650,대한유화
071840,롯데하이마트
112610,씨에스윈드
003850,보령제약
012630,HDC
105630,한세실업
001820,삼화콘덴서
001060,JW중외제약
103140,풍산
079160,CJ CGV
089590,제주항공
082640,동양생명
000640,동아쏘시오홀딩스
064960,S&T모티브
009970,영원무역홀딩스
003470,유안타증권
003540,대신증권
009450,경동나비엔
145720,덴티움
267270,현대건설기계
042700,한미반도체
000400,롯데손해보험
001440,대한전선
039130,하나투어
005180,빙그레
034830,한국토지신탁
005690,파미셀
005880,대한해운
027410,BGF
001120,LG상사
210980,SK디앤디
001720,신영증권
019680,대교
000070,삼양홀딩스
007570,일양약품
006390,한일현대시멘트
271980,제일약품
033180,필룩스
071320,지역난방공사
006120,SK디스커버리
001230,동국제강
001430,세아베스틸
004490,세방전지
060980,한라홀딩스
093050,LF
298050,효성첨단소재
145990,삼양사
108670,LG하우시스
126560,현대에이치씨엔
272450,진에어
025540,한국단자
003530,한화투자증권
002270,롯데푸드
053210,스카이라이프
037560,LG헬로비전
010050,우리종금
002210,동성제약
006840,AK홀딩스
002320,한진
024720,한국콜마홀딩스
226320,잇츠한불
298000,효성화학
014830,유니드
025860,남해화학
096760,JW홀딩스
002240,고려제강
293480,하나제약
249420,일동제약
019170,신풍제약
015350,부산가스
034120,SBS
072710,농심홀딩스
123890,한국자산신탁
267260,현대일렉트릭
009290,광동제약
002990,금호산업
005500,삼진제약
029530,신도리코
017390,서울가스
002960,한국쉘석유
004430,송원산업
300720,한일시멘트
213500,한솔제지
004690,삼천리
017940,E1
234080,JW생명과학
002390,한독
003620,쌍용차
138250,엔에스쇼핑
058650,세아홀딩스
000370,한화손해보험
033270,유나이티드제약
002150,도화엔지니어링
070960,용평리조트
002620,제일파마홀딩스
006490,인스코비
183190,아세아시멘트
001520,동양
011690,유양디앤유
079430,현대리바트
009580,무림P&P
003920,남양유업
003300,한일홀딩스
091810,티웨이항공
033920,무학
298040,효성중공업
011760,현대상사
002020,코오롱
